;UNIVALLE;CIAT;CENICAÑA;UAO;UNAL;UIS;UCESAR;ITM;UPB;UPAMPLONA;ULIBRE;UDEA;SENA;BIOPACIFICO;CORPOICA-AGROSAVIA;BIOTEC;ALEXANDER VON HUMBOLT;CORPOGEN;CENIPALMA;INCAUCA;RIOPAILA;MAYAGUEZ;PROVIDENCIA;RISARALDA;GPC;PROGEN;BIOENERGY;ASOCAÑA;PROCAÑA;CIAMSA;TECNICAÑA;TERPEL;FEDEPETROLEO;MINMINAS;MINCIENCIAS;DNP;MADR;FEPALMA;FEDEBIOCOMBUSTIBLES;ICA;BANCO AGRARIO;FINAGRO;BANCOLDEX
UNIVALLE;0.0;0.016432528574414337;0.042601461699315384;0.03887798036465639;0.02878732781049068;0.006137613230900483;0.0;0.0;0.035330076897035365;0.0;0.07437394206122745;0.0;0.03519218545310846;0.024826705573916454;0.08727782102218862;0.043520302036231015;0.05768425585724745;0.05952193653107871;0.028724270140310197;0.023813278731730086;0.007970789785433136;0.0025733534926035777;0.02003482129902791;0.0;0.0;0.00879954773637665;0.0034734245780335612;0.03449104421562545;0.010466071876860881;0.0;0.061189962044662476;0.006076056933819538;0.01947731322027202;0.0;0.08717422627832067;0.021998118654391857;0.0;0.0;0.0;0.0565266971975057;0.04747013589979206;0.002930680290292989;0.006246070513130541
CIAT;0.035307552601102604;0.0;0.03598707933777993;0.07235386909914394;0.016990113360332237;0.022120044603541403;0.0;0.0;0.0;0.0;0.0;0.0;0.025797966513227782;0.011543531874786439;0.09742526177348372;0.03725065320781557;0.056728685707678785;0.05925583344775008;0.016903397506506268;0.010149884224011821;0.018181212102312872;0.029778347926978366;0.05439847048994;0.0;0.016400511413796767;0.016400511413796767;0.0;0.02483376880521037;0.012819754594498104;0.0;0.0;0.0;0.0041871369418828314;0.0;0.09728280001362678;0.007653706431735523;0.0;0.0;0.014301921891726996;0.05513683039101623;0.08054122117786466;0.02901058205040802;0.04125935109804499
CENICAÑA;0.034145236375733135;0.02097450114639748;0.0;0.04796458067666421;0.011072081758347865;0.02922591562493148;0.0;0.0;0.0;0.0;0.060581771985899875;0.0;0.005938563577594468;0.014246535804486505;0.05328054875903429;0.0010957991679446538;0.017987579152241775;0.020179177488131084;0.011122622724965687;0.015058801339415843;0.027756617523970416;0.032082683595186644;0.04126669924345432;0.02709236481985042;0.02709236481985042;0.02709236481985042;0.03537987998882572;0.006500530992130772;0.025756639273522182;0.033236702332960326;0.022168446892684192;0.029275253235201255;0.018534094472565345;0.05419550525383775;0.05315700277441309;0.016513659164200382;0.026080736405689205;0.005518387313080736;0.012638851723500445;0.016607087063213465;0.051018699087998505;0.031796284784352306;0.03636542883787332
UAO;0.016583742738264646;0.03238912973498238;0.057559334883706924;0.0;0.04427241247559364;0.0;0.0;0.0;0.0;0.0;0.0;0.0;0.05043283101629696;0.0;0.0;0.05844310800768968;0.07206649959535849;0.07383404584332401;0.04421176137884973;0.03948819620148438;0.02425033018144184;0.019058885114909156;0.008037714392300681;0.0;0.02504745888150472;0.02504745888150472;0.015102123089234731;0.04975844858345391;0.026650380724022465;0.0;0.0;0.0;0.03531771126347426;0.0;0.10043099583926254;0.037742311059498844;0.0;0.0;0.0;0.07095311874798807;0.039999999999999994;0.019402574663124672;0.013919426702728395
UNAL;0.02516296195330973;0.010799312293406997;0.010944268800091353;0.040233967224604664;0.0;0.019798083030542958;0.0526067848576392;0.05238893507750728;0.03885862644401279;0.05339813074570876;0.053993936770888824;0.0128387011989793;0.005074258309008773;0.0034619742167951903;0.04633918312291694;0.0116722214688943;0.022893635647794612;0.024349540985400504;5.511861906951854e-05;0.004347809166126794;0.018195706033307578;0.022913597356044015;0.032929437849819956;0.017471289896965288;0.017471289896965288;0.017471289896965288;0.02650943107629376;0.004518778086245734;0.016014583535842213;0.024172139158131423;0.025671036761609766;0.01985188930153939;0.008137870401192947;0.04694699981206448;0.04625711002790485;0.005934437986485166;0.028270018103659506;0.014610200377298339;0.0017086771911551694;0.021976558020920314;0.043564706634091475;0.022601258514650058;0.027584244148149438
UIS;0.015152895126461218;0.012862126867662022;0.045556726736897694;0.0;0.028297804568404434;0.0;0.09266692225086369;0.0;0.0;0.0949020484155545;0.0;0.009947186638356673;0.0;0.02334953408905598;0.0;0.046704695475851925;0.0;0.06669660858005812;0.0;0.0;0.0;0.0;0.0;0.0;0.0033257329643232884;0.0;0.0;0.0;0.0;0.012354354074485136;0.06878058450976098;0.0001519737524914038;0.016666180139882907;0.10233240940138566;0.1012444651716578;0.01981559110835374;0.0728791330303737;0.051337837281761965;0.025855557349256715;0.0;0.06712791847852566;0.0;0.021991713988574968
UCESAR;0.0;0.0;0.0;0.0;0.06752255805262287;0.04211106000388096;0.0;0.0;0.0;0.0625;0.0;0.05104365805190419;0.0;0.06307899900101337;0.0;0.08405199132534624;0.0;0.0;0.0;0.0;0.0;0.0;0.0;0.0;0.0;0.0;0.0;0.0;0.0;0.03649681348416355;0.10387619393277323;0.04204199786547459;0.05707733072926025;0.0;0.13302883855225994;0.05990550951912089;0.0;0.08821256405372967;0.06532941404762076;0.0;0.011605808137069592;0.0;0.03211726324375993
ITM;0.0;0.0;0.0;0.0;0.1146049545398433;0.0;0.0;0.0;0.02959862428120703;0.0;0.0;0.08651927642703552;0.0;0.0;0.0;0.1427767586204917;0.0;0.0;0.0;0.0;0.0;0.0;0.0;0.0;0.07638512087779588;0.0;0.0;0.0;0.0;0.0;0.0;0.07117737068903647;0.09680271698719882;0.0;0.22625004665156592;0.1016229003206757;0.0;0.0;0.0;0.0;0.0;0.0;0.05426223060514976
UPB;0.01591853662948935;0.0;0.0;0.0;0.04516556818696623;0.0;0.0;0.06744910242319568;0.0;0.0;0.0;0.030243084108172225;0.0;0.04114169892397343;0.0;0.06013381271985038;0.0;0.07639097670960675;0.04510150355124004;0.0;0.024016611654974106;0.0;0.0;0.024858604010232647;0.024858604010232647;0.0;0.0;0.0;0.0;0.017070174724091156;0.07808563885941153;0.022091621886248972;0.035706882326534704;0.10536954693642149;0.10448484482401217;0.03826794240711276;0.0;0.0639014234399384;0.043179564479454244;0.0;0.023459988485895217;0.0;0.013104268702945858
UPAMPLONA;0.0;0.0;0.0;0.0;0.07477698672028052;0.04705240214798452;0.001108174764489892;0.0;0.0;0.0;0.0;0.056798091660571405;0.0;0.0;0.0;0.0;0.0;0.11239795787098127;0.0;0.0;0.0;0.0;0.0;0.05031076675402196;0.05031076675402196;0.0;0.0;0.0;0.0;0.0;0.11443971933590376;0.04697705361507559;0.06338098056007851;0.0;0.14624598906894945;0.06646659487115401;0.0;0.09735030451833909;0.07238421135814813;0.0;0.0;0.0;0.0
ULIBRE;0.05339733851856353;0.0;0.12236495108464483;0.0;0.10000121528832714;0.0;0.0;0.0;0.0;0.0;0.0;0.0;0.0;0.0;0.19469162058698425;0.0;0.0;0.0;0.09989913106884607;0.0;0.0;0.0;0.0;0.0;0.0;0.06764294828948167;0.0;0.0;0.0;0.0;0.0;0.06323388223856109;0.08492920945494319;0.0;0.1945239107978368;0.0;0.0;0.0;0.0;0.0;0.019315792671811386;0.0;0.0
UDEA;0.0;0.0;0.0;0.0;0.019060858654371172;0.014731318161672514;0.08417935776978354;0.08371822278678569;0.05507785125240069;0.08585444448513117;0.0;0.0;0.0;0.013921070743686198;0.0;0.03818016827057729;0.056561047402268756;0.0;0.0;0.0;0.0;0.0;0.0;0.009806063192665276;0.009806063192665276;0.0;0.0;0.0;0.0;0.023990130802225867;0.061110480598420926;0.014845212946629806;0.006979044843090829;0.0959608924098016;0.09483084048099293;0.010250350340452494;0.06536765898539845;0.04299263079498664;0.016524086910735147;0.0;0.06503947805378812;0.0;0.031212726921469418
SENA;0.046804711278714516;0.024949866357830124;0.008790889064383392;0.06973582494444651;0.008518297709684142;0.0;0.0;0.0;0.0;0.0;0.0;0.0;0.0;0.013785824516563355;0.061798079720686655;0.009881066188477141;0.026686182183085633;0.028866536431273127;0.008602162806685248;0.015133656432652624;0.0362037636601695;0.04338221660585972;0.05862170280377565;0.0;0.0;0.03510153667101206;0.0488534157911702;0.0009325000071313984;0.03288510196455416;0.0;0.0;0.03872371014625046;0.020900380245490822;0.06270834199260152;0.0616751675939506;0.017547773153470277;0.0;0.014280964058594048;0.011118115716718537;0.025312772766947926;0.07480367294894212;0.04290698105618676;0.05048878518269185
BIOPACIFICO;0.03451304794293862;0.01166923385637215;0.019218373477802978;0.0;0.004282293203348609;0.025980794677896712;0.0781594472282998;0.0;0.05629450466357888;0.0;0.0;0.014912658898905204;0.011207335965094328;0.0;0.0675232252033696;0.020211839528011227;0.035526151158182126;0.03751308325859862;0.004214114160687263;0.0014088236188608905;0.02343238928733503;0.030935679524082983;0.04686477857467004;0.02228028463902212;0.02228028463902212;0.02228028463902212;0.03665445984360716;0.010449249943121686;0.019963552465784223;0.0;0.0;0.026066367668079366;0.007436501561483446;0.06835273688908268;0.06741121677614025;0.003932183256198382;0.0;0.0;0.002168742880846756;0.03427457873218449;0.0637790105854087;0.03043893875180315;0.03836383250115837
CORPOICA-AGROSAVIA;0.04327873626963629;0.035130285012649275;0.022153811242956838;0.0;0.029003870632224774;0.0;0.0;0.0;0.0;0.0;0.059634453552847584;0.0;0.025827873093411925;0.030967837230299847;0.0;0.021698182904055417;0.014674657170075016;0.013763400492272173;0.029035139243718006;0.03147036848644112;0.039326234878741435;0.04200267912441236;0.04768463252718303;0.0;0.0;0.038915275984830355;0.044042583778971016;0.026175550273586708;0.03808889125250915;0.04271664575350789;0.012936271269201131;0.04026578220503817;0.033620457771975934;0.03225806451612903;5.136986173888335e-05;0.0;0.0;0.01985929075195328;0.02997319758851505;0.015248659538200824;0.05371798556387768;0.04182549032595071;0.044652321703089096
BIOTEC;0.052154235165976934;0.03246167974832014;0.0011011278132120592;0.07281657471977965;0.017655828808905094;0.044798989250272876;0.0897797005742948;0.08948102865110329;0.07093098330107665;0.0;0.0;0.035257680764221346;0.009980320228573985;0.022402193467815877;0.05144056073652929;0.0;0.0;0.018811236792929464;0.0;0.0;0.0;0.0;0.0;0.0;0.0;0.0;0.0;0.0;0.03961181362038667;0.05079581768399147;0.0;0.04487275761684426;0.028812844445715476;0.05234246934988891;0.05131877659891322;0.025791939873194173;0.0;0.0;0.01999842425466015;0.0;0.07738301653339436;0.0;0.0
ALEXANDER VON HUMBOLT;0.045416628021801166;0.0324787816956094;0.0118751579893031;0.05899161451883051;0.022751459866625207;0.0;0.0;0.0;0.0;0.0;0.0;0.03431573127906322;0.017708714098919946;0.025869782261188374;0.043226588156603456;0.0;0.0;0.002684254675241376;0.022801107152664497;0.026667685072534145;0.039140974650786815;0.04339054592010243;0.05241216704038525;0.0;0.0;0.03848846746284183;0.04662944029504673;0.018260744636547324;0.0;0.04452415895133293;0.0;0.040632757388443644;0.030081527026854998;0.04434722062314621;0.04307526987834231;0.02809681766352234;0.0;0.008231992856610278;0.024290525733843268;0.000911382322292722;0.06199172908949059;0.04310921129921311;0.04759756237281293
CORPOGEN;0.043588938929857025;0.031555115330732665;0.01239115504450722;0.05621538298763173;0.022507483133638626;0.039094259087625836;0.0;0.0;0.055063126511443294;0.06724428061420244;0.0;0.0;0.017817095607474666;0.025407914988777047;0.04944079246473864;0.01171827244581703;0.0013457651973803788;0.0;0.022553661351195794;0.0;0.03775179233435669;0.041704427860976334;0.0;0.03714487861789102;0.03714487861789102;0.0;0.0;0.0;0.0;0.04275883049519837;0.002971207898973571;0.03913933782381259;0.029325367111543613;0.0508073876369938;0.049256262001166035;0.02747933789062723;0.008814672578773112;0.009002553460907291;0.023939007877910888;0.002193465333965566;0.059005866705729264;0.0;0.045617482058261265
CENIPALMA;0.03326739669927332;0.014235844489700535;0.014509359556659066;0.05323618112821199;6.593022843012505e-05;0.0;0.0;0.0;0.05141388174807199;0.0;0.07146786910604394;0.0;0.006762557716118928;0.004514016403476557;0.06122092639940533;0.0;0.030279242290208445;0.032200637518743636;0.0;0.005687730221791923;0.024035920163812202;0.030287033018395495;0.043557823924147844;0.0;0.0;0.023076083085723197;0.03505144170311266;0.006029476366669629;0.021145975917826822;0.031954576058046504;0.033944649037454894;0.026230330295240325;0.010709486528895269;0.06202307751197189;0.0611126124526987;0.0;0.037374590683165176;0.019347382509555658;0.002190932460855341;0.029068951668312512;0.05764934508507775;0.02987319022023393;0.03647554780266864
INCAUCA;0.03577405574626832;0.011087904800999622;0.022699074913840017;0.06167590658733416;0.006009432251042987;0.0;0.0;0.0;0.0;0.0;0.0;0.0;0.013747505895156904;0.0012243787411572707;0.07667513150734627;0.0;0.0409214583711228;0.0;0.0059332486849265394;0.0;0.023799750093602128;0.03190817518709148;0.04912194439808194;0.0;0.0;0.02255472905003992;0.03808817094680241;0.0129004171957192;0.020051154125485488;0.0340711737029903;0.045156901868311256;0.02664615689971716;0.0065138057496515215;0.0776020315617631;0.07654997279158353;0.0;0.04912026120079811;0.02828949755124251;0.0036477417014329793;0.039522945764556505;0.0674002968202343;0.03137137263570053;0.03993540325600069
RIOPAILA;0.0192787892713021;0.007482066708204205;0.030621247461220396;0.06098110910396992;0.018406468223784823;0.0;0.0;0.0;0.05717546375525555;0.0;0.0;0.0;0.024069792669703768;0.014904393707063273;0.0701251259275143;0.0;0.04395780568524797;0.04558272577943569;0.018350711161729365;0.014008298066886223;0.0;0.013054670828843672;0.0407690652003972;0.0;0.0;0.000732807101300344;0.02300454511842132;0.023449827241610897;0.0022063865984803767;0.01653712683019585;0.04705763282571228;0.004582752318776266;0.010174336276025025;0.07080350351585572;0.07003352503985177;0.0;0.0499583276016928;0.034712753776813966;0.016677999300065548;0.0429342653318013;0.07019745251526485;0.012190411675223426;0.02597861338234984
MAYAGUEZ;0.008499105320051737;0.012407408848998672;0.035835112915518746;0.06544410269197369;0.023468027137202554;0.0;0.0;0.0;0.0;0.0;0.0;0.0;0.02920196778825102;0.019922285121856606;0.07583156672546928;0.0;0.049337965184724754;0.050983146468569884;0.023411574838247087;0.019015016031500832;0.004832047970117019;0.0;0.03784432427224906;0.0;0.0;0.0055739924706746284;0.013586667781179554;0.028574271987960424;0.007065946085926336;0.004755333723412841;0.052476444186177675;0.003135790796740756;0.01513324842713423;0.07651840302942751;0.0757388236628996;0.0;0.0554133078342182;0.03997763637696538;0.021718005869582988;0.04830166226818506;0.07802912562213198;0.0003198963607476628;0.017647792201904412
PROVIDENCIA;0.007436148051614687;0.021188875396143707;0.043090203638733095;0.027144598878322358;0.03152886564905639;0.0;0.0;0.0;0.0;0.0;0.0;0.0;0.03688922516040959;0.028214137943723582;0.08048078450590077;0.0;0.05571330997981473;0.0;0.031476091364134484;0.02736597979319301;0.014107068971861788;0.009589841488665646;0.0;0.0;0.0;0.014800673859406793;0.006146947662808222;0.03630242537330177;0.01619542281805706;0.008384828649615548;0.05864730891535381;0.012521327363017972;0.023737119439515553;0.08112287163911724;0.08039408389495763;0.0;0.06139282826188611;0.046962830927526;0.029892862816477423;0.05474452489231981;0.039522067788344294;0.009888895769889756;0.005117849106831127
RISARALDA;0.0;0.0;0.046563151279889275;0.0;0.027533767122198002;0.0;0.0;0.0;0.07295733033178992;0.12255506382543295;0.0;0.007300698410678207;0.0;0.02207789108611611;0.0;0.0;0.0;0.0698716133445758;0.0;0.0;0.0;0.0;0.0;0.0;0.0;0.0;0.0;0.0;0.0;0.022858202655342656;0.07216936856674674;0.008120795067918442;0.014708942520323915;0.10916302082504734;0.10796347264425603;0.01818142768506292;0.07668835610990025;0.052937302130232115;0.024840988274973354;0.0;0.08901089764907523;0.0;0.03449771047044077
GPC;0.0;0.009689759167771995;0.0429101569439848;0.0584089113952847;0.02537367501977745;0.005970539054703944;0.0;0.089598495560354;0.05487979411985902;0.09218808638554707;0.0;0.006727940570856636;0.0;0.02034582594727893;0.0;0.0;0.0;0.06439001253422681;0.0;0.0;0.0;0.0;0.0;0.0;0.0;0.0;0.0;0.0;0.0;0.017194344282751434;0.06650750317848225;0.0061086056656700135;0.013554989614711733;0.10059891195777762;0.09949347129741025;0.016755049733257987;0.0706719649765904;0.04878423990131628;0.02289215133046999;0.0;0.06695557136191674;0.0;0.0
PROGEN;0.02078018773433553;0.007844105349235492;0.03473685834631942;0.06149673370620198;0.020540632280560994;0.0;0.0;0.0;0.0;0.0;0.09867132309274147;0.0;0.02712264514834987;0.016470461172912846;0.0806489438847145;0.0;0.05023683520281426;0.0;0.020475830466110193;0.015429003440667765;0.001957117152252732;0.014703197156507327;0.04176246908765368;0.0;0.0;0.0;0.02441787287602265;0.026402110687670673;0.0017126193819141221;0.01810333365833769;0.05383950750621017;0.006431540786569634;0.01097310724700292;0.08143736596053261;0.08054248376097388;0.013563636924691034;0.0;0.03949207720673321;0.018531776032586055;0.0;0.0704952180040596;0.013859367659702715;0.027321639085615017
BIOENERGY;0.001666553415392227;0.0;0.047756663709499915;0.05122578433053316;0.03281128556620177;0.0;0.0;0.0;0.0;0.0;0.0;0.0;0.039740639240727356;0.028526326589783938;0.09609158571907744;0.0;0.06407459315494858;0.0;0.032743064081361156;0.02742990986913115;0.010290073963459809;0.004450639725316475;0.023962185594278852;0.0;0.0;0.011186699192793642;0.0;0.03898208130214238;0.012989695577867104;0.0028929158214557097;0.06786738284787339;0.00824018077610602;0.022738870625804885;0.09692161378463829;0.09597950756541072;0.025466105698361944;0.0;0.052762821239947126;0.030696419536142626;0.0;0.06365751512331314;0.004837228139413307;0.0040116578090176715
ASOCAÑA;0.04583143886243966;0.02399601909360658;0.009707998518281242;0.06874217076059215;0.007579055249136296;0.0;0.0;0.0;0.0;0.0;0.0;0.0;0.000839251260280895;0.012841900141797927;0.06318465751652162;0.0;0.027761784729805346;0.0;0.007662845804667675;0.014188534069980878;0.03523991364062744;0.04241198619146845;0.05763792713945693;0.0;0.0;0.034138666339357825;0.04787832243327772;0.0;0.031924201657456984;0.04432520387610169;0.031958041031209763;0.0377576203330228;0.019950132269376936;0.06410298170068335;0.0630606567949812;0.01660050506134855;0.0;0.01524669741375379;0.01017656247060917;0.0;0.07380551433056001;0.04193717304345728;0.0495122382661397
PROCAÑA;0.029341685137046766;0.006480721871721651;0.03490522670919231;0.07767907032049895;0.019900414947312352;0.0;0.0;0.0;0.0;0.0;0.0;0.0;0.02685732473713736;0.01559841587896769;0.08343236328111509;0.03590326440055961;0.0;0.0;0.019831922164571462;0.014497639013489045;0.006995535891231072;0.022127275680025087;0.05425118056683343;0.0;0.0;0.004672108808222911;0.03366022895437713;0.026095750224280276;0.0;0.026163809326048303;0.05509592059288273;0.012307428968688097;0.009787944809781922;0.08426569213779596;0.08331983942375507;0.012526025338876194;0.0;0.039931292337940696;0.017777138682344668;0.0;0.08836178397389512;0.02112550820582955;0.03710748761557945
CIAMSA;0.0;0.0;0.04665582572815972;0.0;0.03111345597708087;0.005630118289353953;0.07492461546973553;0.0;0.03869854487108553;0.0;0.0;0.01458796926098433;0.0;0.0;0.09692148127460608;0.04768961882539483;0.06362557320336219;0.06569315939783242;0.0310425093919765;0.025517121775871846;0.007692636870602433;0.0016199470265497867;0.02307527387407325;0.008625077703402732;0.008625077703402732;0.008625077703402732;0.00615870864224853;0.037530743520211886;0.010500094595446806;0.0;0.06756986549428373;0.0055608609086568355;0.0;0.0;0.09680492617050605;0.023474873647510337;0.07126077712411824;0.05186195371129469;0.028914111838845395;0.0;0.0;0.0;0.0
TECNICAÑA;0.04461527318133777;0.0;0.013553383483613278;0.0;0.023625645936785546;0.04014017168056956;0.06750747537900524;0.0;0.05603948043721275;0.0681675747442115;0.0;0.03433501922005739;0.0;0.0;0.045334411730174676;0.0;0.0;0.001216202976358476;0.023671623006998918;0.027252361022902242;0.03880355256793797;0.042738970839773016;0.051093661312831454;0.038199282502276506;0.038199282502276506;0.038199282502276506;0.04573842732512157;0.019466910466771264;0.03698417421806596;0.04378878060964501;0.0;0.0;0.0;0.0466676233090259;0.04515438903166052;0.02857584382975859;0.005700718786281756;0.010179542283670134;0.02505093511340007;0.0;0.0;0.0;0.0
TERPEL;0.007797261736615553;0.0;0.034517624987627685;0.0;0.021462845823242514;5.817258403866399e-05;0.04808793073491169;0.04776810235629093;0.027904062696170757;0.04924971695363646;0.05012442830239442;0.007582299734210881;0.02751563225029035;0.01771993663558378;0.07673815140808302;0.03538595721766831;0.048771326920614685;0.05050799138069592;0.02140325439569071;0.016762217264215448;0.001790580513580484;0.004494937393507314;0.019199336102143312;0.0025737821328328096;0.0025737821328328096;0.0025737821328328096;0.009774032317729353;0.02685303232965477;0.004148698432416283;0.006342620616985027;0.0;0.0;0.012664597198272145;0.07746318044329666;0.07664025120567647;0.015046835456831286;0.05518449959999964;0.03889050069511981;0.0196155115691365;0.0;0.03481312634517085;0.0;0.0
FEDEPETROLEO;0.020947032570996768;0.003274538044706813;0.021960423698946758;0.03948983084782764;0.008841487297569716;0.01434628724221894;0.054712880495508015;0.054444846316306174;0.03779766325864975;0.05568652272477734;0.05641958005825707;0.005783725481331261;0.014924019923183724;0.005080183718955154;0.06438844135961153;0.02283302331612345;0.036284174931229526;0.03802937416558291;0.008781603010116417;0.004117757670598504;0.012374782827728303;0.018179498937551268;0.03050261252591536;0.011483488448695676;0.011483488448695676;0.011483488448695676;0.022603677558111747;0.014258163679357708;0.009691211708249643;0.0;0.0;0.01441248845515433;0.0;0.06511703352362669;0.06429006003022397;0.002393945681764157;0.04272886491429921;0.0263547897449248;0.006985074386517344;0.0;0.04358784739490154;0.0;0.0239260871530895
MINMINAS;0.0;0.0;0.02273515957726484;0.0;0.029646293556067994;0.0409778191733079;0.0;0.0;0.05188721053382708;0.0;0.0;0.036994584363005414;0.02644197907355802;0.031627770725515085;0.00038382669961616945;0.022275468892010243;0.015189321956239248;0.014269940585730057;0.029677840956036445;0.03213478251072236;0.04006069118851074;0.042760998400096145;0.048493611651506396;0.03964606821749679;0.03964606821749679;0.03964606821749679;0.04481909068375234;0.02679275611606439;0.03881231550404483;0.0;0.01343543674370742;0.04100861544470567;0.03430404182283882;0.0;0.0004356545709929106;0.03304289695267139;0.011794220816777204;0.020420181322436965;0.030624262955090024;0.0;0.05458075758827639;0.0;0.04543426498313717
MINCIENCIAS;0.02852191814087179;0.023145475413974426;0.014583447389321975;0.03416313040909375;0.019103196090115276;0.026513795905370976;0.03879438687589945;0.038712843751855144;0.033648328035609194;0.0390905947301086;0.03931361026213339;0.023908836948702477;0.017007636046904296;0.02039904404932544;0.005062733876293057;0.014282818522363436;0.009648614713724813;0.009047356979807738;0.019123827482945763;0.02073062000552971;0.025914011842370365;0.027679960823932356;0.03142897963541529;0.025642856393741094;0.025642856393741094;0.025642856393741094;0.029025913594302278;0.017237037486233772;0.025097598154649632;0.02815104429356183;0.008501607517077455;0.02653393607456264;0.022149273874445156;0.042556313742754565;0.0;0.021324509384864465;0.0074282838662532635;0.013069496134475224;0.019742769267860397;0.01002734813925591;0.0354098560044218;0.02756304959789293;0.02942822575449679
DNP;0.027738418976588897;0.007017903299632476;0.02290176613072419;0.049479341958239664;0.007546585035570555;0.019999225912413675;0.06732795061994319;0.0670136878878852;0.04749532181850002;0.0684695194598888;0.0;0.00995985682745251;0.014665941904598426;0.0031441322881501435;0.0;0.023923108466365316;0.03966713394747382;0.04170981861875608;0.0;0.0;0.0;0.0;0.0;0.016642672756155677;0.016642672756155677;0.016642672756155677;0.029680789838585905;0.013886584272663108;0.014541277379141368;0.026309091490421505;0.04356392210715034;0.020076845020934018;0.0031785971513576773;0.07341482138429553;0.07244688256947225;0.0;0.04721038126299326;0.028045192729492085;0.005373729282294825;0.0;0.054284154090548056;0.0;0.0
MADR;0.0;0.0;0.022849329201276608;0.0;0.03728271365692305;0.06094775418489633;0.0;0.0;0.0;0.0;0.0;0.05262906732821846;0.0;0.0;0.0;0.0;0.0;0.005170354870754336;0.03734859803331008;0.042479736013357854;0.0590324012427874;0.06467179012639232;0.07664392252129436;0.058166492295986305;0.058166492295986305;0.0;0.0;0.0;0.0;0.06617615005389639;0.0034275562477543223;0.0610120698856551;0.04701007122778095;0.04851507174372473;0.046723023494370505;0.04437626484792763;0.0;0.018014670914970523;0.0;0.0;0.08935646981273647;0.0;0.0
FEPALMA;0.0;0.0;0.003833903769575163;0.0;0.01527963660015957;0.03404611040541946;0.06514526492825502;0.0;0.05211347521700601;0.06589537653534581;0.0;0.02744935774803558;0.009972876872382904;0.0;0.051746422714164644;0.0;0.01350935661786102;0.015883775414567213;0.01533188317975793;0.019400896557525738;0.032527227698524175;0.036999286118907924;0.04649323601163916;0.031840558366659964;0.031840558366659964;0.031840558366659964;0.0404077534546107;0.01055380907886948;0.030459755905846063;0.0381922496864039;0.01803898724719839;0.03409711301883691;0.022993470888003697;0.052737703764096706;0.05161257067415426;0.020904851670250062;0.02227763518086099;0.0;0.0;0.0;0.056574337941761546;0.0;0.0
FEDEBIOCOMBUSTIBLES;0.0;0.0121597660503783;0.015733961129202882;0.0;0.0019504539074761604;0.024196652986634114;0.06808205088752302;0.0;0.04969231375113453;0.06914056668489246;0.0;0.014887682383897554;0.008341111641188389;0.0023452356638235007;0.0603112705952307;0.01665076434838523;0.03078331593297058;0.032616922371335275;0.001887536039493062;0.003530141407147507;0.0220532901531547;0.028364010371302525;0.04176134464248589;0.02108430056750307;0.02108430056750307;0.02108430056750307;0.03317384998123994;0.007641524870995316;0.0191357889007036;0.03004745423478062;0.034281249783935895;0.024268625039191565;0.008599782572658187;0.061076771322358434;0.06020790552640132;0.005652439249634493;0.0;0.0;0.0;0.02962832364213792;0.05598723522603804;0.027946221383286063;0.034611535616473066
ICA;0.0633626375013411;0.04494287475360728;0.015609255320715502;0.08268950414318442;0.031093973186581095;0.0;0.0;0.0;0.0;0.0;0.0;0.0;0.023914557208341486;0.0355335651581226;0.09382286250887518;0.0;0.003531756029408394;0.00913859050411123;0.031164656606901316;0.0366695486989833;0.05442791658514933;0.06047808077684445;0.07332226801217606;0.0;0.0;0.0;0.0;0.0;0.0;0.0;0.0;0.0;0.0;0.0;0.0935067909576052;0.0;0.0;0.0;0.03328515921650795;0.0;0.08696080225682065;0.06007754139502986;0.06646765917969366
BANCO AGRARIO;0.01185002809966013;0.021099675621467296;0.03582981324641923;0.0021448702978845665;0.02805402458966749;0.015304807365913914;0.024441031134822964;0.0;0.003030537781014208;0.0;0.028190547812545444;0.019786386242857123;0.03165923211164368;0.025824644035759108;0.06097753013142753;0.036347016013285015;0.04431971356657225;0.04535411910030381;0.028018530282137487;0.025254199807598316;0.016336677591964763;0.013298533887908413;0.0068487111481704225;0.016803174205216254;0.016803174205216254;0.016803174205216254;0.01098295287285573;0.031264569216012436;0.017741238047080662;0.0;0.0;0.01527015816094415;0.022813543613630378;0.06140937753970926;0.060919218054771095;0.024232470812270323;0.04813957713884894;0.03843441933707338;0.026953701056237348;0.0436681394926286;0.0;0.013499668297245106;0.010290813876020637
FINAGRO;0.01284651219638315;0.01769816370235627;0.052000286835022766;0.08842507063043246;0.033892780527296745;0.0;0.0;0.0;0.0;0.0;0.0;0.0;0.04228823992396658;0.028701214214963175;0.11056186331573171;0.0;0.07177074747706336;0.0;0.03381012480890479;0.02737281874080655;0.006606553491472254;0.0015663267944360573;0.05179408349668825;0.0;0.0;0.007692885790338116;0.019598828545506673;0.041369187055179696;0.009877358347840114;0.0;0.0;0.0;0.0;0.0;0.11042607177837346;0.0;0.0;0.0;0.03133045325714576;0.07025342464658224;0.10512816896773801;0.0;0.02498883545577196
BANCOLDEX;0.0026488666362740037;0.01836260394468535;0.043386856232086886;0.02494634082376326;0.030176979852489547;0.008518008538218777;0.0493466003202297;0.04891698183524737;0.022234050629416965;0.0;0.0;0.016131526029904975;0.03630167636758163;0.026389603057643585;0.086108983329976;0.0;0.05780989917409697;0.05956719606450314;0.030116680449387378;0.02542050550778724;0.010270998328403358;0.005109656562872179;0.010541181261042403;0.01106350476917477;0.0;0.01106350476917477;0.0011758383604923656;0.03563120443308842;0.012657131851160755;0.0;0.0;0.0;0.02127420369447596;0.0868426260677191;0.08600992002487959;0.0;0.0;0.0;0.028307698356322207;0.05670297441714995;0.03151484513030036;0.005451353180451155;0.0
